{
  "config": {
    "output_folder": "output_combo_2_2_0",
    "content_prompt": "Cat rule the world",
    "style_prompt": "swrind",
    "lighting_prompt": "cinematic_octane",
    "num_seeds": 5
  },
  "raw_scores": {
    "clip_scores": {
      "content_only": [
        0.21785345673561096,
        0.17399726808071136,
        0.2020755261182785,
        0.20162419974803925,
        0.2069181352853775
      ],
      "style_only": [
        0.134669691324234,
        0.1536978781223297,
        0.13645869493484497,
        0.1423148214817047,
        0.13797828555107117
      ],
      "lighting_only": [
        0.06538452953100204,
        0.08587847650051117,
        0.09978164732456207,
        0.16876474022865295,
        0.09145613759756088
      ],
      "content_style": [
        0.20786604285240173,
        0.20624801516532898,
        0.22276432812213898,
        0.24806970357894897,
        0.2335466742515564
      ],
      "content_style_lighting": [
        0.2404281497001648,
        0.24491676688194275,
        0.25462666153907776,
        0.2189466655254364,
        0.26944661140441895
      ]
    },
    "dino_content": {
      "content_style": [
        0.7180892825126648,
        0.604377031326294,
        0.7233757972717285,
        0.5821443796157837,
        0.6016433238983154
      ],
      "content_style_lighting": [
        0.6322078704833984,
        0.5313817262649536,
        0.6767896413803101,
        0.5353856086730957,
        0.6708795428276062
      ]
    },
    "dino_style": {
      "content_style": [],
      "content_style_lighting": []
    },
    "style_sim": {
      "content_style": [
        0.5877958536148071,
        0.3908693194389343,
        0.6000319123268127,
        0.4205169081687927,
        0.5111403465270996
      ],
      "content_style_lighting": [
        0.423757940530777,
        0.37525510787963867,
        0.47475773096084595,
        0.33836913108825684,
        0.4697372317314148
      ]
    }
  },
  "summary": {
    "clip_scores": {
      "content_only": {
        "mean": 0.2004937171936035,
        "std": 0.014480853777705222
      },
      "style_only": {
        "mean": 0.14102387428283691,
        "std": 0.006823328106833688
      },
      "lighting_only": {
        "mean": 0.10225310623645782,
        "std": 0.03513943808466397
      },
      "content_style": {
        "mean": 0.223698952794075,
        "std": 0.015792408912787728
      },
      "content_style_lighting": {
        "mean": 0.24567297101020813,
        "std": 0.016659711592961333
      }
    },
    "dino_content": {
      "content_style": {
        "mean": 0.6459259629249573,
        "std": 0.061581454578207614
      },
      "content_style_lighting": {
        "mean": 0.6093288779258728,
        "std": 0.06388466604121423
      }
    },
    "style_sim": {
      "content_style": {
        "mean": 0.5020708680152893,
        "std": 0.08490492043638154
      },
      "content_style_lighting": {
        "mean": 0.41637542843818665,
        "std": 0.05307794263615186
      }
    }
  }
}