{
  "config": {
    "output_folder": "output_combo_1_1_1",
    "content_prompt": "marv frog man marv",
    "style_prompt": "Acryl!ck",
    "lighting_prompt": "style of 80s cyberpunk",
    "num_seeds": 5
  },
  "raw_scores": {
    "clip_scores": {
      "content_only": [
        0.23957589268684387,
        0.2570079565048218,
        0.2248193770647049,
        0.21777471899986267,
        0.23450052738189697
      ],
      "style_only": [
        0.15352478623390198,
        0.16817548871040344,
        0.15947186946868896,
        0.1718466877937317,
        0.16555631160736084
      ],
      "lighting_only": [
        0.2630739212036133,
        0.23640450835227966,
        0.2575382590293884,
        0.25990644097328186,
        0.22737297415733337
      ],
      "content_style": [
        0.25016170740127563,
        0.28333917260169983,
        0.23878812789916992,
        0.2281056046485901,
        0.19603201746940613
      ],
      "content_style_lighting": [
        0.2696913480758667,
        0.28578972816467285,
        0.2731586694717407,
        0.28277644515037537,
        0.1748664677143097
      ]
    },
    "dino_content": {
      "content_style": [
        0.6743530035018921,
        0.2638952136039734,
        0.4846192002296448,
        0.41019076108932495,
        0.6125521063804626
      ],
      "content_style_lighting": [
        0.6477358341217041,
        0.5823585391044617,
        0.3479273319244385,
        0.41787782311439514,
        0.6608145833015442
      ]
    },
    "dino_style": {
      "content_style": [],
      "content_style_lighting": []
    },
    "style_sim": {
      "content_style": [
        0.4502670168876648,
        0.409481942653656,
        0.4975064992904663,
        0.5608299970626831,
        0.29820871353149414
      ],
      "content_style_lighting": [
        0.4835438132286072,
        0.3999752700328827,
        0.5224852561950684,
        0.4209025204181671,
        0.33615607023239136
      ]
    }
  },
  "summary": {
    "clip_scores": {
      "content_only": {
        "mean": 0.23473569452762605,
        "std": 0.013457670810854215
      },
      "style_only": {
        "mean": 0.16371502876281738,
        "std": 0.006500082270958489
      },
      "lighting_only": {
        "mean": 0.24885922074317932,
        "std": 0.014256248753816958
      },
      "content_style": {
        "mean": 0.23928532600402833,
        "std": 0.02847848011071342
      },
      "content_style_lighting": {
        "mean": 0.2572565317153931,
        "std": 0.04161978993360096
      }
    },
    "dino_content": {
      "content_style": {
        "mean": 0.4891220569610596,
        "std": 0.14596097890287077
      },
      "content_style_lighting": {
        "mean": 0.5313428223133088,
        "std": 0.12603842398946313
      }
    },
    "style_sim": {
      "content_style": {
        "mean": 0.4432588338851929,
        "std": 0.08831230722579525
      },
      "content_style_lighting": {
        "mean": 0.43261258602142333,
        "std": 0.06508035989221135
      }
    }
  }
}