{
  "config": {
    "output_folder": "output_combo_3_3_1",
    "content_prompt": "chillguy",
    "style_prompt": "BluD!!",
    "lighting_prompt": "style of 80s cyberpunk",
    "num_seeds": 5
  },
  "raw_scores": {
    "clip_scores": {
      "content_only": [
        0.19915048778057098,
        0.15304389595985413,
        0.1591757982969284,
        0.18056313693523407,
        0.19107221066951752
      ],
      "style_only": [
        0.10850530117750168,
        0.1297842562198639,
        0.128535196185112,
        0.12004581093788147,
        0.08524185419082642
      ],
      "lighting_only": [
        0.2630739212036133,
        0.23640450835227966,
        0.2575382590293884,
        0.25990644097328186,
        0.22737297415733337
      ],
      "content_style": [
        0.20178833603858948,
        0.10166007280349731,
        0.1389579474925995,
        0.1652441769838333,
        0.17568610608577728
      ],
      "content_style_lighting": [
        0.20134173333644867,
        0.19914114475250244,
        0.18663841485977173,
        0.21293248236179352,
        0.21972553431987762
      ]
    },
    "dino_content": {
      "content_style": [
        0.7181181907653809,
        0.6509951949119568,
        0.6302000284194946,
        0.7662694454193115,
        0.46277323365211487
      ],
      "content_style_lighting": [
        0.525987446308136,
        0.37673163414001465,
        0.3122139573097229,
        0.3008917272090912,
        0.616844654083252
      ]
    },
    "dino_style": {
      "content_style": [],
      "content_style_lighting": []
    },
    "style_sim": {
      "content_style": [
        0.5879569053649902,
        0.5688813924789429,
        0.4564862847328186,
        0.6213276386260986,
        0.45748791098594666
      ],
      "content_style_lighting": [
        0.39587241411209106,
        0.44334542751312256,
        0.5635896921157837,
        0.5356231331825256,
        0.516713559627533
      ]
    }
  },
  "summary": {
    "clip_scores": {
      "content_only": {
        "mean": 0.17660110592842101,
        "std": 0.01784471166254084
      },
      "style_only": {
        "mean": 0.1144224837422371,
        "std": 0.016451727601805185
      },
      "lighting_only": {
        "mean": 0.24885922074317932,
        "std": 0.014256248753816958
      },
      "content_style": {
        "mean": 0.15666732788085938,
        "std": 0.03408988679064526
      },
      "content_style_lighting": {
        "mean": 0.20395586192607879,
        "std": 0.011481911204095177
      }
    },
    "dino_content": {
      "content_style": {
        "mean": 0.6456712186336517,
        "std": 0.10345228024095171
      },
      "content_style_lighting": {
        "mean": 0.4265338838100433,
        "std": 0.12445437843492428
      }
    },
    "style_sim": {
      "content_style": {
        "mean": 0.5384280264377594,
        "std": 0.06858369248589004
      },
      "content_style_lighting": {
        "mean": 0.4910288453102112,
        "std": 0.06203529040911685
      }
    }
  }
}